"e6f94d70-bfb7-4707-b4bb-f32f65ea11c0","2020-04-04T14:05:13","John","Doe","12/03/1996","759-48-4711","2","56","14","28","OUT OF RANGE"
"e92f5734-aa8e-40c3-bda6-e4d032fc4e7f","2020-04-04T14:14:57","Ethan","Park","12/11/1990","755-43-2765","3","56","9","32","OUT OF RANGE"
"74057a62-8609-4ea5-9ba2-75e54bf04287","2020-04-04T14:16:41","Katy","Perry","06/07/1988","352-71-2658","7","57","13","23","OUT OF RANGE"
"b1f05d76-5cb6-462f-bdf2-01c4c87ddccf","2020-04-04T14:17:34","Chia","Seeds","09/23/1975","661-42-6388","3","49","19","29","NORMAL"
"7eaeed62-9e97-402b-ba4b-5291caf6ea42","2020-04-04T14:18:27","Roberto","Rodriguez","11/03/1991","534-12-8767","7","42","16","35","NORMAL"
"4831002b-1c06-4341-a8fa-9892c046b08e","2020-04-04T14:19:33","Maru","Chan","09/17/1999","144-31-9871","7","49","16","28","NORMAL"
"f3573704-3c80-458d-8f05-6187a2390907","2020-04-04T14:21:31","Ben","Dover","09/09/1989","784-54-5682","8","44","10","38","OUT OF RANGE"
"33fecee3-64b7-4445-b270-bf0251b29f1b","2020-04-04T14:22:23","Hugh","Jass","10/18/1976","935-67-8523","6","51","17","26","OUT OF RANGE"
"6088d7ad-8e7a-445a-8b52-92bd855cf504","2020-04-04T14:23:31","Donn","Aldak","11/23/1979","349-74-366","5","46","13","36","OUT OF RANGE"
"88d94e38-ca84-401c-9f7a-587df4429cf8","2020-04-04T14:24:37","Mike","Oxbig","04/20/1992","238-75-2837","5","54","15","26","OUT OF RANGE"
"80a7a47a-fc3f-49cc-b852-3cac17c8d43e","2020-04-04T14:25:34","Dixie","Normous","06/14/1992","337-85-3536","6","49","17","28","NORMAL"
"5b8e33d4-4901-45ec-864b-3b7d2f2e29bd","2020-04-04T14:26:35","Luke","Atmadic","10/26/1988","214-84-5289","6","53","16","25","OUT OF RANGE"
"de7b4c33-3a28-488c-961e-59c17e74d91f","2020-04-04T14:27:37","Eric","Shun","09/12/1997","145-06-4832","5","56","13","26","OUT OF RANGE"
"27f7e315-7278-44a3-b1f9-d73b66c32a69","2020-04-04T14:28:50","Mike","Hockerts","12/19/1986","107-97-2348","6","61","6","27","OUT OF RANGE"
"f3d89e97-746e-4a90-8cee-059aed8e5ff6","2020-04-04T14:31:02","Hugo","First","08/23/1999","062-57-8520","9","48","11","32","NORMAL"
"9e444337-77d6-4853-a7b6-1854209f587d","2020-04-04T14:32:05","Xavier","Breth","06/16/1995","721-19-8261","5","50","17","28","NORMAL"
"65cfad93-09c3-427b-b942-967df2756450","2020-04-04T14:33:07","Noam","Sayin","10/11/1994","452-81-8238","7","52","13","28","OUT OF RANGE"
"e8fde42e-2a3f-4e57-894e-1264617f59f4","2020-04-04T14:35:15","Thad","Hertz","03/17/1968","142-81-1929","7","53","11","29","OUT OF RANGE"
"6e2f8c4d-7bd2-40bb-9880-af310fa83227","2020-04-04T14:38:38","Gabe","Itchez","08/22/1993","157-90-2461","6","45","16","33","NORMAL"
"efb2027f-dda0-45d1-8019-c26f9572f8bd","2020-04-04T14:39:50","Phil","McRack","06/19/1995","827-61-2581","2","49","16","33","NORMAL"
"7f4e8488-d968-4988-af9e-a4cb390d391c","2020-04-04T14:40:50","Hue","Janus","11/03/1983","563-42-8973","1","56","10","33","OUT OF RANGE"
"380d8489-78a2-441a-bbef-98b028d067fc","2020-04-04T14:42:19","Janet","Alias","08/14/1983","142-54-1935","6","45","14","35","NORMAL"
"f6b4cfde-5aba-4f76-86e5-4318b56123fa","2020-04-04T14:43:21","Mike","Hunt","05/13/1982","421-87-9033","4","43","17","36","OUT OF RANGE"
"6342d9f5-d3a2-467d-ae22-582b176cdf7d","2020-04-05T00:04:47","Hue","Janus","11/03/1983","563-42-8973","6","58","12","24","OUT OF RANGE"
"64d00dc5-e98f-41c3-840b-a4323bfada22","2020-04-05T00:07:27","Donn","Aldak","11/22/1999","654-90-1234","4","55","14","27","OUT OF RANGE"
"3d876166-77a9-4d00-9223-f0359f74b016","2020-04-05T00:08:42","Donn","Aldak","11/22/1999","654-90-1234","7","46","17","30","NORMAL"
"8c6c6d3f-56f6-4bac-b145-ba206f074623","2020-04-05T00:09:44","Donn","Aldak","11/22/1999","654-90-1234","8","45","15","32","NORMAL"
"bfdec3e0-6f7d-4359-9696-6aa84c70cc3d","2020-04-05T00:14:02","Donn","Aldak","11/22/1999","654-90-1234","4","52","12","32","OUT OF RANGE"
"3b2596c6-c1aa-494b-8498-eede0580c047","2020-04-05T00:14:51","Donn","Aldak","11/22/1999","654-90-1234","7","46","14","33","NORMAL"
"699079f5-60c8-404f-930b-f72c8f8d10a6","2020-04-05T02:36:46","Donn","Aldak","11/22/1999","654-90-1234","7","45","13","35","NORMAL"
"c6642a98-cf84-409f-a86b-c4cd9115c843","2020-04-05T04:09:47","Hue","Janus","11/03/1983","563-42-8973","3","54","13","30","OUT OF RANGE"
